Workbook

Sheet DATOS
A1: INFORME ESTUDIO FV · INARSE — Datos base para gráficas y tablas
A3: BLOQUE 1. INDICADORES PRINCIPALES
A4: Indicador | B4: Valor | C4: Unidad
A5: Energía anual producida | B5: 2769840.9 | C5: kWh
A6: Energía anual producida | B6: 2769.8409 | C6: MWh
A7: Producción media por hora | B7: 316.19189 | C7: kWh/h
A8: Pico horario | B8: 1373.184 | C8: kWh
A9: Fecha/hora del pico | B9: 01-26 10:00
A10: Mejor mes (mayor producción) | B10: ENE
A11: Consumo anual | B11: 2618416.1 | C11: kWh
A12: Balance neto anual | B12: 151.42479 | C12: MWh
A13: Cobertura de la demanda | B13: 40.091233 | C13: %
A14: Excedente potencial | B14: 1720.0856 | C14: MWh
A16: BLOQUE 2. PRODUCCIÓN MENSUAL
A17: Mes | B17: Producción (kWh) | C17: % anual
A18: ENE | B18: 261319.61 | C18: 0.094344626
A19: FEB | B19: 233853.22 | C19: 0.084428394
A20: MAR | B20: 246783.54 | C20: 0.089096648
A21: ABR | B21: 230884.85 | C21: 0.083356719
A22: MAY | B22: 231485.84 | C22: 0.083573694
A23: JUN | B23: 206121.28 | C23: 0.074416288
A24: JUL | B24: 210180.62 | C24: 0.075881839
A25: AGO | B25: 215263.02 | C25: 0.077716745
A26: SEP | B26: 224216.93 | C26: 0.08094939
A27: OCT | B27: 236645.68 | C27: 0.085436559
A28: NOV | B28: 228947.95 | C28: 0.082657435
A29: DIC | B29: 244138.39 | C29: 0.088141663
A30: TOTAL | B30: 2769840.9 | C30: 1
A32: BLOQUE 3. CONSUMO MENSUAL
A33: Mes | B33: Consumo (kWh) | C33: Consumo (MWh)
A34: ENE | B34: 223404.56 | C34: 223.40456
A35: FEB | B35: 200838 | C35: 200.838
A36: MAR | B36: 223404.56 | C36: 223.40456
A37: ABR | B37: 213436.55 | C37: 213.43655
A38: MAY | B38: 223404.56 | C38: 223.40456
A39: JUN | B39: 215882.37 | C39: 215.88237
A40: JUL | B40: 220958.74 | C40: 220.95874
A41: AGO | B41: 223404.56 | C41: 223.40456
A42: SEP | B42: 213436.55 | C42: 213.43655
A43: OCT | B43: 223404.56 | C43: 223.40456
A44: NOV | B44: 215882.37 | C44: 215.88237
A45: DIC | B45: 220958.74 | C45: 220.95874
A46: TOTAL | B46: 2618416.1 | C46: 2618.4161
A48: BLOQUE 4. BALANCE MENSUAL
A49: Mes | B49: Producción (MWh) | C49: Consumo (MWh) | D49: Balance (MWh) | E49: Solar directo (MWh) | F49: Excedente (MWh) | G49: Déficit (MWh) | H49: Cobertura (%)
A50: ENE | B50: 261.31961 | C50: 223.40456 | D50: 37.915044 | E50: 91.237754 | F50: 170.08185 | G50: 132.16681 | H50: 40.8397
A51: FEB | B51: 233.85322 | C51: 200.838 | D51: 33.015227 | E51: 81.955763 | F51: 151.89746 | G51: 118.88223 | H51: 40.806901
A52: MAR | B52: 246.78354 | C52: 223.40456 | D52: 23.378978 | E52: 90.137923 | F52: 156.64562 | G52: 133.26664 | H52: 40.347396
A53: ABR | B53: 230.88485 | C53: 213.43655 | D53: 17.448302 | E53: 85.444028 | F53: 145.44082 | G53: 127.99252 | H53: 40.032519
A54: MAY | B54: 231.48584 | C54: 223.40456 | D54: 8.0812746 | E54: 88.700548 | F54: 142.78529 | G54: 134.70402 | H54: 39.704
A55: JUN | B55: 206.12128 | C55: 215.88237 | D55: -9.7610943 | E55: 84.972488 | F55: 121.14879 | G55: 130.90989 | H55: 39.360549
A56: JUL | B56: 210.18062 | C56: 220.95874 | D56: -10.778116 | E56: 86.903278 | F56: 123.27734 | G56: 134.05546 | H56: 39.330093
A57: AGO | B57: 215.26302 | C57: 223.40456 | D57: -8.141543 | E57: 87.938094 | F57: 127.32493 | G57: 135.46647 | H57: 39.362711
A58: SEP | B58: 224.21693 | C58: 213.43655 | D58: 10.780384 | E58: 85.343486 | F58: 138.87345 | G58: 128.09306 | H58: 39.985413
A59: OCT | B59: 236.64568 | C59: 223.40456 | D59: 13.241115 | E59: 90.084532 | F59: 146.56115 | G59: 133.32003 | H59: 40.323497
A60: NOV | B60: 228.94795 | C60: 215.88237 | D60: 13.065573 | E60: 87.184185 | F60: 141.76376 | G60: 128.69819 | H60: 40.385041
A61: DIC | B61: 244.13839 | C61: 220.95874 | D61: 23.179647 | E61: 89.853242 | F61: 154.28514 | G61: 131.1055 | H61: 40.665168
A62: TOTAL | B62: 2769.8409 | C62: 2618.4161
A64: BLOQUE 5. PERFIL HORARIO COMPARATIVO (MEDIA ANUAL)
A65: Hora | B65: Prod. media (kWh/h) | C65: Cons. media (kWh/h) | D65: Balance medio (kWh/h) | E65: Cobertura media (%)
A66: 0 | B66: 0 | C66: 277.86791 | D66: -277.86791 | E66: 0
A67: 1 | B67: 0 | C67: 277.86791 | D67: -277.86791 | E67: 0
A68: 2 | B68: 0 | C68: 277.86791 | D68: -277.86791 | E68: 0
A69: 3 | B69: 0 | C69: 247.37155 | D69: -247.37155 | E69: 0
A70: 4 | B70: 2.86958 | C70: 276.66045 | D70: -273.79087 | E70: 1.0372209
A71: 5 | B71: 173.48679 | C71: 240.15766 | D71: -66.670876 | E71: 72.238706
A72: 6 | B72: 457.35901 | C72: 210.25889 | D72: 247.10012 | E72: 100
A73: 7 | B73: 725.53255 | C73: 222.43418 | D73: 503.09837 | E73: 100
A74: 8 | B74: 941.62021 | C74: 239.95785 | D74: 701.66236 | E74: 100
A75: 9 | B75: 1065.7958 | C75: 293.03202 | D75: 772.76374 | E75: 100
A76: 10 | B76: 1088.833 | C76: 340.21597 | D76: 748.617 | E76: 100
A77: 11 | B77: 1037.0007 | C77: 383.9323 | D77: 653.06843 | E77: 100
... A89: 23 | B89: 0 | C89: 285.80936 | D89: -285.80936 | E89: 0
A91: BLOQUE 6. TOP 10 DÍAS DE MAYOR PRODUCCIÓN
A92: Nº | B92: Fecha | C92: Producción (kWh)
A93: 1 | B93: 01-27 | C93: 9113.6096
A94: 2 | B94: 01-23 | C94: 9108.6766
A95: 3 | B95: 01-21 | C95: 9072.0942
A96: 4 | B96: 01-26 | C96: 9064.1753
A97: 5 | B97: 02-19 | C97: 9011.0838
A98: 6 | B98: 03-05 | C98: 9001.3299
A99: 7 | B99: 01-02 | C99: 8972.6972
A100: 8 | B100: 03-09 | C100: 8940.6021
A101: 9 | B101: 04-02 | C101: 8922.9018
A102: 10 | B102: 02-13 | C102: 8921.358
A104: BLOQUE 7. MAPA BALANCE MEDIO HORA×MES (kWh/h)
A105: Hora | B105: ENE | C105: FEB | D105: MAR | E105: ABR | F105: MAY | G105: JUN | H105: JUL | I105: AGO | J105: SEP | K105: OCT | L105: NOV | M105: DIC
A106: 0 | B106: -279.14056 | C106: -277.83083 | D106: -279.14056 | E106: -275.5752 | F106: -279.14056 | G106: -278.73309 | H106: -276.08454 | I106: -279.14056 | J106: -275.5752 | K106: -279.14056 | L106: -278.73309 | M106: -276.08454
A107: 1 | B107: -279.14056 | C107: -277.83083 | D107: -279.14056 | E107: -275.5752 | F107: -279.14056 | G107: -278.73309 | H107: -276.08454 | I107: -279.14056 | J107: -275.5752 | K107: -279.14056 | L107: -278.73309 | M107: -276.08454
A108: 2 | B108: -279.14056 | C108: -277.83083 | D108: -279.14056 | E108: -275.5752 | F108: -279.14056 | G108: -278.73309 | H108: -276.08454 | I108: -279.14056 | J108: -275.5752 | K108: -279.14056 | L108: -278.73309 | M108: -276.08454
A109: 3 | B109: -248.50452 | C109: -247.33854 | D109: -248.50452 | E109: -245.33047 | F109: -248.50452 | G109: -248.14177 | H109: -245.78391 | I109: -248.50452 | J109: -245.33047 | K109: -248.50452 | L109: -248.14177 | M109: -245.78391
A110: 4 | B110: -277.92756 | C110: -276.62353 | D110: -277.92756 | E110: -274.30902 | F110: -276.87263 | G110: -277.48421 | H110: -274.88482 | I110: -277.92756 | J110: -271.69573 | K110: -263.10134 | L110: -263.66017 | M110: -273.09189
A111: 5 | B111: -78.925295 | C111: -99.129462 | D111: -97.420961 | E111: -69.334795 | F111: -64.093329 | G111: -99.975941 | H111: -131.46904 | I111: -116.63331 | J111: -42.929572 | K111: 10.757946 | L111: 9.4958233 | M111: -21.47118
A112: 6 | B112: 287.74211 | C112: 249.13828 | D112: 228.77401 | E112: 244.52838 | F112: 253.89159 | G112: 170.27562 | H112: 128.26984 | I112: 150.32167 | J112: 267.74623 | K112: 342.31131 | L112: 341.71224 | M112: 301.84425
A113: 7 | B113: 561.26741 | C113: 533.39716 | D113: 503.01948 | E113: 517.2845 | F113: 509.16202 | G113: 398.87366 | H113: 358.36126 | I113: 397.19461 | J113: 548.84637 | K113: 594.51256 | L113: 565.90554 | M113: 552.88528
A114: 8 | B114: 791.13862 | C114: 769.70805 | D114: 711.25844 | E114: 702.65114 | F114: 718.50575 | G114: 601.78032 | H114: 549.67499 | I114: 597.55132 | J114: 750.13168 | K114: 756.57438 | L114: 738.21432 | M114: 738.89686
A115: 9 | B115: 860.25921 | C115: 871.13386 | D115: 808.89575 | E115: 780.18555 | F115: 773.6773 | G115: 673.14819 | H115: 634.533 | I115: 672.19169 | J115: 794.33825 | K115: 814.28164 | L115: 806.31649 | M115: 792.52792
A116: 10 | B116: 870.86575 | C116: 861.54415 | D116: 816.79232 | E116: 753.84161 | F116: 725.97688 | G116: 661.2839 | H116: 629.3499 | I116: 656.41023 | J116: 752.18551 | K116: 748.82859 | L116: 750.78191 | M116: 764.00804
A117: 11 | B117: 758.99485 | C117: 758.59534 | D117: 744.32372 | E117: 677.52752 | F117: 629.74406 | G117: 557.62418 | H117: 577.61371 | I117: 580.20676 | J117: 613.79527 | K117: 622.12695 | L117: 627.38512 | M117: 694.71071
... A129: 23 | B129: -287.11837 | C129: -285.77122 | D129: -287.11837 | E129: -283.45112 | F129: -287.11837 | G129: -286.69926 | H129: -283.97501 | I129: -287.11837 | J129: -283.45112 | K129: -287.11837 | L129: -286.69926 | M129: -283.97501
...

Sheet GRAFICAS
A2: Producción mensual
A19: Top 10 días
A36: Mapa mes-hora
A37: Hora | B37: Ene | C37: Feb | D37: Mar | E37: Abr | F37: May | G37: Jun | H37: Jul | I37: Ago | J37: Sep | K37: Oct | L37: Nov | M37: Dic
A38: 0 | B38: =+DATOS!B133 -> 0 | C38: =+DATOS!C133 -> 0 | D38: =+DATOS!D133 -> 0 | E38: =+DATOS!E133 -> 0 | F38: =+DATOS!F133 -> 0 | G38: =+DATOS!G133 -> 0 | H38: =+DATOS!H133 -> 0 | I38: =+DATOS!I133 -> 0 | ... M38: =+DATOS!M133 -> 0
A39: 1 | B39: =+DATOS!B134 -> 0 | C39: =+DATOS!C134 -> 0 | D39: =+DATOS!D134 -> 0 | E39: =+DATOS!E134 -> 0 | F39: =+DATOS!F134 -> 0 | G39: =+DATOS!G134 -> 0 | H39: =+DATOS!H134 -> 0 | I39: =+DATOS!I134 -> 0 | ... M39: =+DATOS!M134 -> 0
A40: 2 | B40: =+DATOS!B135 -> 0 | C40: =+DATOS!C135 -> 0 | D40: =+DATOS!D135 -> 0 | E40: =+DATOS!E135 -> 0 | F40: =+DATOS!F135 -> 0 | G40: =+DATOS!G135 -> 0 | H40: =+DATOS!H135 -> 0 | I40: =+DATOS!I135 -> 0 | ... M40: =+DATOS!M135 -> 0
A41: 3 | B41: =+DATOS!B136 -> 0 | C41: =+DATOS!C136 -> 0 | D41: =+DATOS!D136 -> 0 | E41: =+DATOS!E136 -> 0 | F41: =+DATOS!F136 -> 0 | G41: =+DATOS!G136 -> 0 | H41: =+DATOS!H136 -> 0 | I41: =+DATOS!I136 -> 0 | ... M41: =+DATOS!M136 -> 0
A42: 4 | B42: =+DATOS!B137 -> 0 | C42: =+DATOS!C137 -> 0 | D42: =+DATOS!D137 -> 0 | E42: =+DATOS!E137 -> 0.068682353 | F42: =+DATOS!F137 -> 1.0549298 | G42: =+DATOS!G137 -> 0.037658824 | H42: =+DATOS!H137 -> 0 | I42: =+DATOS!I137 -> 0 | ... M42: =+DATOS!M137 -> 1.7929298
A43: 5 | B43: =+DATOS!B138 -> 162.3323 | C43: =+DATOS!C138 -> 140.99616 | D43: =+DATOS!D138 -> 143.83663 | E43: =+DATOS!E138 -> 168.84131 | F43: =+DATOS!F138 -> 177.16427 | G43: =+DATOS!G138 -> 140.92948 | H43: =+DATOS!H138 -> 107.14727 | I43: =+DATOS!I138 -> 124.62428 | ... M43: =+DATOS!M138 -> 217.14513
A44: 6 | B44: =+DATOS!B139 -> 498.964 | C44: =+DATOS!C139 -> 459.36911 | D44: =+DATOS!D139 -> 439.99589 | E44: =+DATOS!E139 -> 453.05241 | F44: =+DATOS!F139 -> 465.11348 | G44: =+DATOS!G139 -> 381.18918 | H44: =+DATOS!H139 -> 337.17928 | I44: =+DATOS!I139 -> 361.54356 | ... M44: =+DATOS!M139 -> 510.75369
A45: 7 | B45: =+DATOS!B140 -> 784.72035 | C45: =+DATOS!C140 -> 755.80166 | D45: =+DATOS!D140 -> 726.47242 | E45: =+DATOS!E140 -> 737.88335 | F45: =+DATOS!F140 -> 732.61496 | G45: =+DATOS!G140 -> 622.00041 | H45: =+DATOS!H140 -> 579.36784 | I45: =+DATOS!I140 -> 620.64755 | ... M45: =+DATOS!M140 -> 773.89186
A46: 8 | B46: =+DATOS!B141 -> 1032.1955 | C46: =+DATOS!C141 -> 1009.6339 | D46: =+DATOS!D141 -> 952.31531 | E46: =+DATOS!E141 -> 940.62907 | F46: =+DATOS!F141 -> 959.56261 | G46: =+DATOS!G141 -> 842.48531 | H46: =+DATOS!H141 -> 788.09277 | I46: =+DATOS!I141 -> 838.60818 | ... M46: =+DATOS!M141 -> 977.31465
A47: 9 | B47: =+DATOS!B142 -> 1154.6333 | C47: =+DATOS!C142 -> 1164.1268 | D47: =+DATOS!D142 -> 1103.2699 | E47: =+DATOS!E142 -> 1070.7997 | F47: =+DATOS!F142 -> 1068.0514 | G47: =+DATOS!G142 -> 967.0926 | H47: =+DATOS!H142 -> 925.68433 | I47: =+DATOS!I142 -> 966.56581 | ... M47: =+DATOS!M142 -> 1083.6792
A48: 10 | B48: =+DATOS!B143 -> 1212.6399 | C48: =+DATOS!C143 -> 1201.7147 | D48: =+DATOS!D143 -> 1158.5665 | E48: =+DATOS!E143 -> 1091.2504 | F48: =+DATOS!F143 -> 1067.7511 | G48: =+DATOS!G143 -> 1002.5592 | H48: =+DATOS!H143 -> 967.38233 | I48: =+DATOS!I143 -> 998.1844 | ... M48: =+DATOS!M143 -> 1102.0405
A49: 11 | B49: =+DATOS!B144 -> 1144.6856 | C49: =+DATOS!C144 -> 1142.4764 | D49: =+DATOS!D144 -> 1130.0145 | E49: =+DATOS!E144 -> 1058.292 | F49: =+DATOS!F144 -> 1015.4348 | G49: =+DATOS!G144 -> 942.75191 | H49: =+DATOS!H144 -> 959.08191 | I49: =+DATOS!I144 -> 965.89749 | ... M49: =+DATOS!M144 -> 1076.1789
... A61: 23 | B61: =+DATOS!B156 -> 0 | C61: =+DATOS!C156 -> 0 | D61: =+DATOS!D156 -> 0 | E61: =+DATOS!E156 -> 0 | F61: =+DATOS!F156 -> 0 | G61: =+DATOS!G156 -> 0 | H61: =+DATOS!H156 -> 0 | I61: =+DATOS!I156 -> 0 | ... M61: =+DATOS!M156 -> 0
A62: Mapa de calor: filas = hora del día; columnas = mes; valores en kWh medios por hora.
A65: Indicador | E65: Valor
A66: Energía anual media (kWh) | E66: =+DATOS!B5 -> 2769840.9
A67: Energía anual media (MWh) | E67: =+DATOS!B6 -> 2769.8409
A68: Producción media por hora (kWh) | E68: =+DATOS!B7 -> 316.19189
A69: Pico horario (kWh) | E69: =+DATOS!B8 -> 1373.184
A70: Fecha/hora del pico | E70: 02-07 10:00
A71: Mejor mes | E71: =+CONCATENATE(DATOS!B10," (",DATOS!B9,")",) -> ENE (01-26 10:00)
A73: Nombre | C73: Energía media (kWh) | E73: % anual
A74: Enero | C74: =+DATOS!B18 -> 261319.61 | E74: =+DATOS!C18 -> 0.094344626
A75: Febrero | C75: =+DATOS!B19 -> 233853.22 | E75: =+DATOS!C19 -> 0.084428394
A76: Marzo | C76: =+DATOS!B20 -> 246783.54 | E76: =+DATOS!C20 -> 0.089096648
A77: Abril | C77: =+DATOS!B21 -> 230884.85 | E77: =+DATOS!C21 -> 0.083356719
A78: Mayo | C78: =+DATOS!B22 -> 231485.84 | E78: =+DATOS!C22 -> 0.083573694
A79: Junio | C79: =+DATOS!B23 -> 206121.28 | E79: =+DATOS!C23 -> 0.074416288
A80: Julio | C80: =+DATOS!B24 -> 210180.62 | E80: =+DATOS!C24 -> 0.075881839
A81: Agosto | C81: =+DATOS!B25 -> 215263.02 | E81: =+DATOS!C25 -> 0.077716745
A82: Septiembre | C82: =+DATOS!B26 -> 224216.93 | E82: =+DATOS!C26 -> 0.08094939
A83: Octubre | C83: =+DATOS!B27 -> 236645.68 | E83: =+DATOS!C27 -> 0.085436559
A84: Noviembre | C84: =+DATOS!B28 -> 228947.95 | E84: =+DATOS!C28 -> 0.082657435
A85: Diciembre | C85: =+DATOS!B29 -> 244138.39 | E85: =+DATOS!C29 -> 0.088141663
A91: Producción vs consumo mensual
A110: Balance mensual
A130: Perfil horario medio
A152: Hora | B152: Enero | C152: Febrero | D152: Marzo | E152: Abril | F152: Mayo | G152: Junio | H152: Julio | I152: Agosto | J152: Septiembre | K152: Octubre | L152: Noviembre | M152: Diciembre
A153: 0 | B153: =+DATOS!B106 -> -279.14056 | C153: =+DATOS!C106 -> -277.83083 | D153: =+DATOS!D106 -> -279.14056 | E153: =+DATOS!E106 -> -275.5752 | F153: =+DATOS!F106 -> -279.14056 | G153: =+DATOS!G106 -> -278.73309 | H153: =+DATOS!H106 -> -276.08454 | I153: =+DATOS!I106 -> -279.14056 | ... M153: =+DATOS!M106 -> -276.08454
A154: 1 | B154: =+DATOS!B107 -> -279.14056 | C154: =+DATOS!C107 -> -277.83083 | D154: =+DATOS!D107 -> -279.14056 | E154: =+DATOS!E107 -> -275.5752 | F154: =+DATOS!F107 -> -279.14056 | G154: =+DATOS!G107 -> -278.73309 | H154: =+DATOS!H107 -> -276.08454 | I154: =+DATOS!I107 -> -279.14056 | ... M154: =+DATOS!M107 -> -276.08454
A155: 2 | B155: =+DATOS!B108 -> -279.14056 | C155: =+DATOS!C108 -> -277.83083 | D155: =+DATOS!D108 -> -279.14056 | E155: =+DATOS!E108 -> -275.5752 | F155: =+DATOS!F108 -> -279.14056 | G155: =+DATOS!G108 -> -278.73309 | H155: =+DATOS!H108 -> -276.08454 | I155: =+DATOS!I108 -> -279.14056 | ... M155: =+DATOS!M108 -> -276.08454
A156: 3 | B156: =+DATOS!B109 -> -248.50452 | C156: =+DATOS!C109 -> -247.33854 | D156: =+DATOS!D109 -> -248.50452 | E156: =+DATOS!E109 -> -245.33047 | F156: =+DATOS!F109 -> -248.50452 | G156: =+DATOS!G109 -> -248.14177 | H156: =+DATOS!H109 -> -245.78391 | I156: =+DATOS!I109 -> -248.50452 | ... M156: =+DATOS!M109 -> -245.78391
A157: 4 | B157: =+DATOS!B110 -> -277.92756 | C157: =+DATOS!C110 -> -276.62353 | D157: =+DATOS!D110 -> -277.92756 | E157: =+DATOS!E110 -> -274.30902 | F157: =+DATOS!F110 -> -276.87263 | G157: =+DATOS!G110 -> -277.48421 | H157: =+DATOS!H110 -> -274.88482 | I157: =+DATOS!I110 -> -277.92756 | ... M157: =+DATOS!M110 -> -273.09189
A158: 5 | B158: =+DATOS!B111 -> -78.925295 | C158: =+DATOS!C111 -> -99.129462 | D158: =+DATOS!D111 -> -97.420961 | E158: =+DATOS!E111 -> -69.334795 | F158: =+DATOS!F111 -> -64.093329 | G158: =+DATOS!G111 -> -99.975941 | H158: =+DATOS!H111 -> -131.46904 | I158: =+DATOS!I111 -> -116.63331 | ... M158: =+DATOS!M111 -> -21.47118
A159: 6 | B159: =+DATOS!B112 -> 287.74211 | C159: =+DATOS!C112 -> 249.13828 | D159: =+DATOS!D112 -> 228.77401 | E159: =+DATOS!E112 -> 244.52838 | F159: =+DATOS!F112 -> 253.89159 | G159: =+DATOS!G112 -> 170.27562 | H159: =+DATOS!H112 -> 128.26984 | I159: =+DATOS!I112 -> 150.32167 | ... M159: =+DATOS!M112 -> 301.84425
A160: 7 | B160: =+DATOS!B113 -> 561.26741 | C160: =+DATOS!C113 -> 533.39716 | D160: =+DATOS!D113 -> 503.01948 | E160: =+DATOS!E113 -> 517.2845 | F160: =+DATOS!F113 -> 509.16202 | G160: =+DATOS!G113 -> 398.87366 | H160: =+DATOS!H113 -> 358.36126 | I160: =+DATOS!I113 -> 397.19461 | ... M160: =+DATOS!M113 -> 552.88528
A161: 8 | B161: =+DATOS!B114 -> 791.13862 | C161: =+DATOS!C114 -> 769.70805 | D161: =+DATOS!D114 -> 711.25844 | E161: =+DATOS!E114 -> 702.65114 | F161: =+DATOS!F114 -> 718.50575 | G161: =+DATOS!G114 -> 601.78032 | H161: =+DATOS!H114 -> 549.67499 | I161: =+DATOS!I114 -> 597.55132 | ... M161: =+DATOS!M114 -> 738.89686
A162: 9 | B162: =+DATOS!B115 -> 860.25921 | C162: =+DATOS!C115 -> 871.13386 | D162: =+DATOS!D115 -> 808.89575 | E162: =+DATOS!E115 -> 780.18555 | F162: =+DATOS!F115 -> 773.6773 | G162: =+DATOS!G115 -> 673.14819 | H162: =+DATOS!H115 -> 634.533 | I162: =+DATOS!I115 -> 672.19169 | ... M162: =+DATOS!M115 -> 792.52792
A163: 10 | B163: =+DATOS!B116 -> 870.86575 | C163: =+DATOS!C116 -> 861.54415 | D163: =+DATOS!D116 -> 816.79232 | E163: =+DATOS!E116 -> 753.84161 | F163: =+DATOS!F116 -> 725.97688 | G163: =+DATOS!G116 -> 661.2839 | H163: =+DATOS!H116 -> 629.3499 | I163: =+DATOS!I116 -> 656.41023 | ... M163: =+DATOS!M116 -> 764.00804
A164: 11 | B164: =+DATOS!B117 -> 758.99485 | C164: =+DATOS!C117 -> 758.59534 | D164: =+DATOS!D117 -> 744.32372 | E164: =+DATOS!E117 -> 677.52752 | F164: =+DATOS!F117 -> 629.74406 | G164: =+DATOS!G117 -> 557.62418 | H164: =+DATOS!H117 -> 577.61371 | I164: =+DATOS!I117 -> 580.20676 | ... M164: =+DATOS!M117 -> 694.71071
... A176: 23 | B176: =+DATOS!B129 -> -287.11837 | C176: =+DATOS!C129 -> -285.77122 | D176: =+DATOS!D129 -> -287.11837 | E176: =+DATOS!E129 -> -283.45112 | F176: =+DATOS!F129 -> -287.11837 | G176: =+DATOS!G129 -> -286.69926 | H176: =+DATOS!H129 -> -283.97501 | I176: =+DATOS!I129 -> -287.11837 | ... M176: =+DATOS!M129 -> -283.97501
B179: Mes | C179: Producción (MWh) | D179: Consumo (MWh) | E179: Balance (MWh) | F179: Solar directo (MWh) | G179: Excedente (MWh) | H179: Déficit (MWh) | I179: Cobertura demanda (%)
B180: Enero | C180: =+DATOS!B50 -> 261.31961 | D180: =+DATOS!C50 -> 223.40456 | E180: =+DATOS!D50 -> 37.915044 | F180: =+DATOS!E50 -> 91.237754 | G180: =+DATOS!F50 -> 170.08185 | H180: =+DATOS!G50 -> 132.16681 | I180: =CONCATENATE(ROUND(DATOS!H50,2), "%") -> 40.84%
B181: Febrero | C181: =+DATOS!B51 -> 233.85322 | D181: =+DATOS!C51 -> 200.838 | E181: =+DATOS!D51 -> 33.015227 | F181: =+DATOS!E51 -> 81.955763 | G181: =+DATOS!F51 -> 151.89746 | H181: =+DATOS!G51 -> 118.88223 | I181: =CONCATENATE(ROUND(DATOS!H51,2), "%") -> 40.81%
B182: Marzo | C182: =+DATOS!B52 -> 246.78354 | D182: =+DATOS!C52 -> 223.40456 | E182: =+DATOS!D52 -> 23.378978 | F182: =+DATOS!E52 -> 90.137923 | G182: =+DATOS!F52 -> 156.64562 | H182: =+DATOS!G52 -> 133.26664 | I182: =CONCATENATE(ROUND(DATOS!H52,2), "%") -> 40.35%
B183: Abril | C183: =+DATOS!B53 -> 230.88485 | D183: =+DATOS!C53 -> 213.43655 | E183: =+DATOS!D53 -> 17.448302 | F183: =+DATOS!E53 -> 85.444028 | G183: =+DATOS!F53 -> 145.44082 | H183: =+DATOS!G53 -> 127.99252 | I183: =CONCATENATE(ROUND(DATOS!H53,2), "%") -> 40.03%
B184: Mayo | C184: =+DATOS!B54 -> 231.48584 | D184: =+DATOS!C54 -> 223.40456 | E184: =+DATOS!D54 -> 8.0812746 | F184: =+DATOS!E54 -> 88.700548 | G184: =+DATOS!F54 -> 142.78529 | H184: =+DATOS!G54 -> 134.70402 | I184: =CONCATENATE(ROUND(DATOS!H54,2), "%") -> 39.7%
B185: Junio | C185: =+DATOS!B55 -> 206.12128 | D185: =+DATOS!C55 -> 215.88237 | E185: =+DATOS!D55 -> -9.7610943 | F185: =+DATOS!E55 -> 84.972488 | G185: =+DATOS!F55 -> 121.14879 | H185: =+DATOS!G55 -> 130.90989 | I185: =CONCATENATE(ROUND(DATOS!H55,2), "%") -> 39.36%
B186: Julio | C186: =+DATOS!B56 -> 210.18062 | D186: =+DATOS!C56 -> 220.95874 | E186: =+DATOS!D56 -> -10.778116 | F186: =+DATOS!E56 -> 86.903278 | G186: =+DATOS!F56 -> 123.27734 | H186: =+DATOS!G56 -> 134.05546 | I186: =CONCATENATE(ROUND(DATOS!H56,2), "%") -> 39.33%
B187: Agosto | C187: =+DATOS!B57 -> 215.26302 | D187: =+DATOS!C57 -> 223.40456 | E187: =+DATOS!D57 -> -8.141543 | F187: =+DATOS!E57 -> 87.938094 | G187: =+DATOS!F57 -> 127.32493 | H187: =+DATOS!G57 -> 135.46647 | I187: =CONCATENATE(ROUND(DATOS!H57,2), "%") -> 39.36%
B188: Septiembre | C188: =+DATOS!B58 -> 224.21693 | D188: =+DATOS!C58 -> 213.43655 | E188: =+DATOS!D58 -> 10.780384 | F188: =+DATOS!E58 -> 85.343486 | G188: =+DATOS!F58 -> 138.87345 | H188: =+DATOS!G58 -> 128.09306 | I188: =CONCATENATE(ROUND(DATOS!H58,2), "%") -> 39.99%
B189: Octubre | C189: =+DATOS!B59 -> 236.64568 | D189: =+DATOS!C59 -> 223.40456 | E189: =+DATOS!D59 -> 13.241115 | F189: =+DATOS!E59 -> 90.084532 | G189: =+DATOS!F59 -> 146.56115 | H189: =+DATOS!G59 -> 133.32003 | I189: =CONCATENATE(ROUND(DATOS!H59,2), "%") -> 40.32%
B190: Noviembre | C190: =+DATOS!B60 -> 228.94795 | D190: =+DATOS!C60 -> 215.88237 | E190: =+DATOS!D60 -> 13.065573 | F190: =+DATOS!E60 -> 87.184185 | G190: =+DATOS!F60 -> 141.76376 | H190: =+DATOS!G60 -> 128.69819 | I190: =CONCATENATE(ROUND(DATOS!H60,2), "%") -> 40.39%
B191: Diciembre | C191: =+DATOS!B61 -> 244.13839 | D191: =+DATOS!C61 -> 220.95874 | E191: =+DATOS!D61 -> 23.179647 | F191: =+DATOS!E61 -> 89.853242 | G191: =+DATOS!F61 -> 154.28514 | H191: =+DATOS!G61 -> 131.1055 | I191: =CONCATENATE(ROUND(DATOS!H61,2), "%") -> 40.67%
C192: =SUBTOTAL(109,ResumenMensualComparativa[Producción (MWh)]) -> 2769.8409 | D192: =SUBTOTAL(109,ResumenMensualComparativa[Consumo (MWh)]) -> 2618.4161
A195: Hora | B195: Prod. media (kWh/h) | C195: Cons. media (kWh/h) | D195: Balance medio (kWh/h) | E195: Cobertura media (%)
A196: 0 | B196: =+DATOS!B66 -> 0 | C196: =+DATOS!C66 -> 277.86791 | D196: =+DATOS!D66 -> -277.86791 | E196: =CONCATENATE(ROUND(DATOS!E66,2), "%") -> 0%
A197: 1 | B197: =+DATOS!B67 -> 0 | C197: =+DATOS!C67 -> 277.86791 | D197: =+DATOS!D67 -> -277.86791 | E197: =CONCATENATE(ROUND(DATOS!E67,2), "%") -> 0%
A198: 2 | B198: =+DATOS!B68 -> 0 | C198: =+DATOS!C68 -> 277.86791 | D198: =+DATOS!D68 -> -277.86791 | E198: =CONCATENATE(ROUND(DATOS!E68,2), "%") -> 0%
A199: 3 | B199: =+DATOS!B69 -> 0 | C199: =+DATOS!C69 -> 247.37155 | D199: =+DATOS!D69 -> -247.37155 | E199: =CONCATENATE(ROUND(DATOS!E69,2), "%") -> 0%
A200: 4 | B200: =+DATOS!B70 -> 2.86958 | C200: =+DATOS!C70 -> 276.66045 | D200: =+DATOS!D70 -> -273.79087 | E200: =CONCATENATE(ROUND(DATOS!E70,2), "%") -> 1.04%
A201: 5 | B201: =+DATOS!B71 -> 173.48679 | C201: =+DATOS!C71 -> 240.15766 | D201: =+DATOS!D71 -> -66.670876 | E201: =CONCATENATE(ROUND(DATOS!E71,2), "%") -> 72.24%
A202: 6 | B202: =+DATOS!B72 -> 457.35901 | C202: =+DATOS!C72 -> 210.25889 | D202: =+DATOS!D72 -> 247.10012 | E202: =CONCATENATE(ROUND(DATOS!E72,2), "%") -> 100%
A203: 7 | B203: =+DATOS!B73 -> 725.53255 | C203: =+DATOS!C73 -> 222.43418 | D203: =+DATOS!D73 -> 503.09837 | E203: =CONCATENATE(ROUND(DATOS!E73,2), "%") -> 100%
A204: 8 | B204: =+DATOS!B74 -> 941.62021 | C204: =+DATOS!C74 -> 239.95785 | D204: =+DATOS!D74 -> 701.66236 | E204: =CONCATENATE(ROUND(DATOS!E74,2), "%") -> 100%
A205: 9 | B205: =+DATOS!B75 -> 1065.7958 | C205: =+DATOS!C75 -> 293.03202 | D205: =+DATOS!D75 -> 772.76374 | E205: =CONCATENATE(ROUND(DATOS!E75,2), "%") -> 100%
A206: 10 | B206: =+DATOS!B76 -> 1088.833 | C206: =+DATOS!C76 -> 340.21597 | D206: =+DATOS!D76 -> 748.617 | E206: =CONCATENATE(ROUND(DATOS!E76,2), "%") -> 100%
A207: 11 | B207: =+DATOS!B77 -> 1037.0007 | C207: =+DATOS!C77 -> 383.9323 | D207: =+DATOS!D77 -> 653.06843 | E207: =CONCATENATE(ROUND(DATOS!E77,2), "%") -> 100%
... A219: 23 | B219: =+DATOS!B89 -> 0 | C219: =+DATOS!C89 -> 285.80936 | D219: =+DATOS!D89 -> -285.80936 | E219: =CONCATENATE(ROUND(DATOS!E89,2), "%") -> 0%
A220: TOTAL | B220: =SUBTOTAL(109,PerfilHorarioComparativa[Prod. media (kWh/h)]) -> 7588.6053 | C220: =SUBTOTAL(109,PerfilHorarioComparativa[Cons. media (kWh/h)]) -> 7173.7428
A229: Hora | B229: Curva consumo (kWh/día) | C229: % del consumo diario
A230: 0 | B230: 298.05788 | C230: 0.038734022
A231: 1 | B231: 298.05788 | C231: 0.038734022
A232: 2 | B232: 298.05788 | C232: 0.038734022
A233: 3 | B233: 265.34565 | C233: 0.034482914
A234: 4 | B234: 296.76268 | C234: 0.038565705
A235: 5 | B235: 257.60759 | C235: 0.033477317
A236: 6 | B236: 225.53637 | C236: 0.029309511
A237: 7 | B237: 238.59632 | C237: 0.031006712
A238: 8 | B238: 257.39326 | C238: 0.033449464
A239: 9 | B239: 314.32382 | C239: 0.040847857
A240: 10 | B240: 364.93616 | C240: 0.047425169
A241: 11 | B241: 411.82894 | C241: 0.053519106
... A253: 23 | B253: 306.57635 | C253: 0.039841037
A254: TOTAL | B254: =SUBTOTAL(109,B230:B253) -> 7694.9892 | C254: =SUBTOTAL(109,C230:C253) -> 1
